id,label,volume,number,date,pages
nla.obj-205195544,,8,102,1882-01-07,16
nla.obj-508118076,,9,451,1888-09-29,18
nla.obj-488915190,,9,464,1889-01-05,20
nla.obj-488916974,,9,467,1889-01-26,20
nla.obj-674876528,,17,855,1896-07-04,32
nla.obj-677656131,,17,881,1897-01-02,32
nla.obj-677656388,,17,883,1897-01-16,32
nla.obj-677657446,,17,884,1897-01-23,32
nla.obj-677660231,,17,885,1897-01-30,32
nla.obj-677663531,,17,886,1897-02-06,32
nla.obj-677667484,,17,887,1897-02-13,32
nla.obj-677673983,,17,888,1897-02-20,32
nla.obj-677678636,,17,889,1897-02-27,32
nla.obj-677689671,,17,890,1897-03-06,32
nla.obj-677691785,,17,891,1897-03-13,32
nla.obj-677692732,,17,892,1897-03-20,32
nla.obj-677698820,,17,893,1897-03-27,32
nla.obj-677704583,,17,894,1897-04-03,32
nla.obj-677721033,,17,895,1897-04-10,32
nla.obj-677732147,,17,896,1897-04-17,32
nla.obj-677736905,,17,897,1897-04-24,32
nla.obj-677738352,,17,898,1897-05-01,34
nla.obj-677741509,,17,899,1897-05-08,32
nla.obj-677746942,,17,900,1897-05-15,32
nla.obj-677750692,,17,901,1897-05-22,32
nla.obj-677752749,,17,902,1897-05-29,32
nla.obj-672369238,,18,907,1897-07-03,32
nla.obj-672369251,,18,908,1897-07-10,32
nla.obj-672369272,,18,909,1897-07-17,32
nla.obj-672369295,,18,911,1897-07-31,32
nla.obj-672369310,,18,912,1897-08-07,36
nla.obj-683202003,,18,913,1897-08-14,36
nla.obj-672603202,,18,914,1897-08-21,36
nla.obj-672369332,,18,915,1897-08-28,36
nla.obj-672369355,,18,916,1897-09-04,36
nla.obj-672369378,,18,917,1897-09-11,36
nla.obj-672369393,,18,918,1897-09-18,36
nla.obj-672369411,,18,919,1897-09-25,36
nla.obj-672369433,,18,920,1897-10-02,36
nla.obj-672369454,,18,921,1897-10-09,36
nla.obj-672369479,,18,922,1897-10-16,36
nla.obj-672369498,,18,923,1897-10-23,36
nla.obj-672369517,,18,924,1897-10-30,36
nla.obj-672369530,,18,925,1897-11-06,36
nla.obj-672369558,,18,926,1897-11-13,36
nla.obj-672369574,,18,927,1897-11-20,36
nla.obj-672369596,,18,928,1897-11-27,36
nla.obj-672369618,,18,929,1897-12-04,36
nla.obj-672369639,,18,931,1897-12-18,36
nla.obj-672369652,,18,932,1897-12-25,36
nla.obj-672612173,,19,948,1898-04-16,36
nla.obj-683223408,,19,948,1898-04-16,36
nla.obj-672615248,,19,949,1898-04-23,36
nla.obj-675026216,,20,1016,1899-08-05,40
nla.obj-675026234,,20,1017,1899-08-12,36
nla.obj-675026300,,20,1018,1899-08-19,36
nla.obj-675026431,,20,1019,1899-08-26,40
nla.obj-675026538,,20,1020,1899-09-02,36
nla.obj-675026572,,20,1021,1899-09-09,40
nla.obj-672620312,,21,1040,1900-01-20,36
nla.obj-662022557,,21,1066,1900-07-21,36
nla.obj-672629561,,22,1106,1901-04-27,36
nla.obj-672631897,,22,1107,1901-05-04,36
nla.obj-659102551,,23,1148,1902-02-15,40
nla.obj-659102572,,23,1149,1902-02-22,36
nla.obj-659102595,,23,1150,1902-03-01,40
nla.obj-671724245,,24,1205,1903-03-21,40
nla.obj-671724268,,24,1206,1903-03-28,40
nla.obj-671724438,,24,1214,1903-05-23,40
nla.obj-671724472,,24,1216,1903-06-06,40
nla.obj-671724495,,24,1217,1903-06-13,40
nla.obj-671724519,,24,1218,1903-06-20,40
nla.obj-671724543,,24,1219,1903-06-27,40
nla.obj-674956426,A SPECIAL AUSTRALIAN ELECTIONS NUMBER,,,1903-12-05,8
nla.obj-672637763,,26,1312,1905-04-06,40
nla.obj-672642109,,27,1356,1906-02-08,44
nla.obj-672648601,,27,1361,1906-03-15,44
nla.obj-672651840,,28,1447,1907-11-07,44
nla.obj-678126833,,29,1456,1908-01-09,44
nla.obj-678127231,,29,1457,1908-01-16,44
nla.obj-678127534,,29,1458,1908-01-23,44
nla.obj-678133569,,29,1459,1908-01-30,44
nla.obj-678144617,,29,1460,1908-02-06,44
nla.obj-678162860,,29,1461,1908-02-13,44
nla.obj-678186765,,29,1463,1908-02-27,44
nla.obj-678192087,,29,1464,1908-03-05,44
nla.obj-678197797,,29,1465,1908-03-12,44
nla.obj-678436469,,29,1466,1908-03-19,44
nla.obj-678442345,,29,1467,1908-03-26,48
nla.obj-681304592,,29,1468,1908-04-02,44
nla.obj-681305012,,29,1470,1908-04-16,48
nla.obj-682232853,,29,1472,1908-04-30,44
nla.obj-682238548,,29,1473,1908-05-07,44
nla.obj-682295574,,29,1475,1908-05-21,44
nla.obj-682302245,,29,1476,1908-05-28,44
nla.obj-682306690,,29,1479,1908-06-18,44
nla.obj-682256162,,29,1474,1908-05-14,44
nla.obj-638309387,,30,1512,1909-02-04,48
nla.obj-638309420,,30,1514,1909-02-18,48
nla.obj-681269566,,30,1553,1909-11-18,48
nla.obj-672675919,,30,1554,1909-11-25,44
nla.obj-672676168,XMAS,30,1556,1909-12-09,60
nla.obj-681286700,,31,1572,1910-03-31,44
nla.obj-676148380,,31,1594,1910-09-01,48
nla.obj-676149081,,31,1597,1910-09-22,48
nla.obj-676490348,,32,1612,1911-01-05,48
nla.obj-676490361,,32,1616,1911-02-02,48
nla.obj-676490385,,32,1618,1911-02-16,48
nla.obj-676490432,,32,1619,1911-02-23,44
nla.obj-676490516,,32,1620,1911-03-02,48
nla.obj-676490534,,32,1621,1911-03-09,44
nla.obj-676516811,,32,1627,1911-04-20,48
nla.obj-676516854,,32,1634,1911-06-08,48
nla.obj-676516879,,32,1638,1911-07-06,48
nla.obj-681297736,,32,1642,1911-08-03,48
nla.obj-676517008,,32,1653,1911-10-19,48
nla.obj-676151105,,33,1693,1912-07-25,48
nla.obj-683226527,,34,1716,1913-01-02,52
nla.obj-672690952,,34,1721,1913-02-06,52
nla.obj-655326373,,34,1727,1913-03-20,54
nla.obj-674881228,,34,1741,1913-06-26,54
nla.obj-671841629,,34,1742,1913-07-03,52
nla.obj-671844044,,34,1743,1913-07-10,52
nla.obj-671846795,,34,1744,1913-07-17,52
nla.obj-671850117,,34,1745,1913-07-24,52
nla.obj-671859850,,34,1746,1913-07-31,52
nla.obj-672374270,,34,1747,1913-08-07,52
nla.obj-672379284,,34,1749,1913-08-21,56
nla.obj-672386476,,34,1750,1913-08-28,52
nla.obj-672398871,,34,1751,1913-09-04,52
nla.obj-672411314,,34,1752,1913-09-11,52
nla.obj-672438153,,34,1754,1913-09-25,52
nla.obj-672461513,,34,1755,1913-10-02,52
nla.obj-672468329,,34,1756,1913-10-09,52
nla.obj-672477001,,34,1757,1913-10-16,52
nla.obj-672484825,,34,1758,1913-10-23,52
nla.obj-672494399,,34,1759,1913-10-30,52
nla.obj-672504697,,34,1760,1913-11-06,52
nla.obj-672513967,,34,1761,1913-11-13,52
nla.obj-672527535,,34,1762,1913-11-20,52
nla.obj-672533570,,34,1763,1913-11-27,52
nla.obj-672543787,,34,1764,1913-12-04,52
nla.obj-672552602,,34,1765,1913-12-11,52
nla.obj-672556848,,34,1766,1913-12-18,52
nla.obj-672560867,,34,1767,1913-12-25,52
nla.obj-676156218,,35,1794,1914-07-02,52
nla.obj-672691613,,35,1804,1914-09-10,52
nla.obj-674881516,,36,1857,1915-09-16,56
nla.obj-676724341,,37,1873,1916-01-06,56
nla.obj-676724487,,37,1875,1916-01-20,52
nla.obj-676724683,,37,1877,1916-02-03,52
nla.obj-676725230,,37,1878,1916-02-10,52
nla.obj-676727204,,37,1879,1916-02-17,52
nla.obj-676731691,,37,1880,1916-02-24,52
nla.obj-676738319,,37,1881,1916-03-02,52
nla.obj-676743341,,37,1882,1916-03-09,52
nla.obj-676755183,,37,1883,1916-03-16,52
nla.obj-676760697,,37,1884,1916-03-23,52
nla.obj-676766040,,37,1885,1916-03-30,52
nla.obj-676821813,,37,1886,1916-04-06,56
nla.obj-676827917,,37,1887,1916-04-13,56
nla.obj-676899624,,37,1888,1916-04-20,52
nla.obj-676899799,,37,1889,1916-04-27,52
nla.obj-676899859,,37,1890,1916-05-04,52
nla.obj-676899950,,37,1891,1916-05-11,52
nla.obj-676904611,,37,1892,1916-05-18,56
nla.obj-676919810,,37,1893,1916-05-25,52
nla.obj-676929996,,37,1894,1916-06-01,56
nla.obj-676934689,,37,1895,1916-06-08,52
nla.obj-676940104,,37,1896,1916-06-15,52
nla.obj-676944766,,37,1897,1916-06-22,56
nla.obj-676951476,,37,1898,1916-06-29,52
nla.obj-681048512,,38,1951,1917-07-05,52
nla.obj-681053603,,,,1917-07-12,52
nla.obj-681059772,,38,1953,1917-07-19,52
nla.obj-681064000,,38,1954,1917-07-26,52
nla.obj-681079074,,38,1955,1917-08-02,52
nla.obj-681087839,,38,1956,1917-08-09,52
nla.obj-681092485,,38,1957,1917-08-16,52
nla.obj-681098944,,38,1958,1917-08-23,52
nla.obj-681105516,,38,1959,1917-08-30,52
nla.obj-681120390,,38,1960,1917-09-06,52
nla.obj-681122305,,38,1961,1917-09-13,52
nla.obj-681144831,,38,1962,1917-09-20,52
nla.obj-681148394,,38,1963,1917-09-27,52
nla.obj-681164198,,38,1964,1917-10-04,52
nla.obj-681169004,,38,1965,1917-10-11,52
nla.obj-681176053,,38,1966,1917-10-18,52
nla.obj-681178301,,38,1967,1917-10-25,52
nla.obj-681184767,,38,1968,1917-11-01,52
nla.obj-681189477,,38,1969,1917-11-08,52
nla.obj-681201298,,38,1970,1917-11-15,52
nla.obj-681204103,,38,1971,1917-11-22,52
nla.obj-681208629,,38,1972,1917-11-29,52
nla.obj-681210846,,38,1973,1917-12-06,52
nla.obj-681214189,,38,1975,1917-12-20,52
nla.obj-681247007,,38,1976,1917-12-27,52
nla.obj-683229605,,39,1983,1918-02-14,52
nla.obj-663674857,,39,2022,1918-11-14,52
nla.obj-674919790,,40,2043,1919-04-10,52
nla.obj-674919819,,40,2044,1919-04-17,52
nla.obj-674919835,,40,2045,1919-04-24,52
nla.obj-674919856,,40,2046,1919-05-01,52
nla.obj-674919870,,40,2047,1919-05-08,52
nla.obj-674919897,,40,2048,1919-05-15,52
nla.obj-674919914,,40,2049,1919-05-22,52
nla.obj-674919938,,40,2050,1919-05-29,52
nla.obj-674919967,,40,2051,1919-06-05,52
nla.obj-674919980,,40,2052,1919-06-12,52
nla.obj-674920002,,40,2053,1919-06-19,52
nla.obj-674920028,,40,2054,1919-06-26,52
nla.obj-672694284,,40,2065,1919-09-11,52
nla.obj-683235859,,42,2141,1921-02-24,52
nla.obj-666699573,,43,2233,1922-11-30,52
nla.obj-666699668,,43,2235,1922-12-14,52
nla.obj-616246359,,44,2272,1923-08-30,52
nla.obj-617709379,,45,2331,1924-10-16,52
nla.obj-674997532,,46,2342,1925-01-01,52
nla.obj-675003746,,46,2343,1925-01-08,52
nla.obj-675007855,,46,2344,1925-01-15,52
nla.obj-675012318,,46,2345,1925-01-22,52
nla.obj-675018594,,46,2346,1925-01-29,52
nla.obj-675032572,,46,2347,1925-02-05,52
nla.obj-675040644,,46,2348,1925-02-12,52
nla.obj-675048376,,46,2349,1925-02-19,52
nla.obj-675084929,,46,2350,1925-02-26,52
nla.obj-676034371,,46,2351,1925-03-05,52
nla.obj-676034928,,46,2352,1925-03-12,52
nla.obj-676034989,,46,2353,1925-03-19,52
nla.obj-676035566,,46,2354,1925-03-26,52
nla.obj-676037281,,46,2355,1925-04-02,52
nla.obj-676043528,,46,2356,1925-04-09,52
nla.obj-676047349,,46,2357,1925-04-16,52
nla.obj-676052504,,46,2358,1925-04-23,52
nla.obj-676057008,,46,2359,1925-04-30,52
nla.obj-676067567,,46,2360,1925-05-07,52
nla.obj-676070771,,46,2361,1925-05-14,52
nla.obj-676075487,,46,2362,1925-05-21,52
nla.obj-676079033,,46,2363,1925-05-28,51
nla.obj-676081174,,46,2364,1925-06-04,52
nla.obj-676083977,,46,2365,1925-06-11,52
nla.obj-676131517,,46,2366,1925-06-18,52
nla.obj-683244235,,46,2393,1925-12-24,52
nla.obj-683262189,,62,3228,1941-12-24,40
nla.obj-672819300,,76,3908,1955-01-05,36
nla.obj-672819453,,76,3909,1955-01-12,36
nla.obj-672819601,,76,3910,1955-01-19,36
nla.obj-672819798,,76,3911,1955-01-26,36
nla.obj-672819952,,76,3912,1955-02-02,68
nla.obj-672820186,,76,3913,1955-02-09,36
nla.obj-672820330,,76,3914,1955-02-16,36
nla.obj-672820484,,76,3915,1955-02-23,36
nla.obj-672880643,,76,3916,1955-03-02,36
nla.obj-672880773,,76,3917,1955-03-09,36
nla.obj-672880813,,76,3918,1955-03-16,36
nla.obj-672880942,,76,3919,1955-03-23,36
nla.obj-672880988,,76,3920,1955-03-30,36
nla.obj-672881057,,76,3921,1955-04-06,36
nla.obj-672881150,,76,3922,1955-04-13,36
nla.obj-675153590,,76,3923,1955-04-20,36
nla.obj-675153614,,76,3924,1955-04-27,36
nla.obj-675153638,,76,3925,1955-05-04,36
nla.obj-675153651,,76,3926,1955-05-11,36
nla.obj-675153672,,76,3927,1955-05-18,36
nla.obj-675153695,,76,3928,1955-05-25,36
nla.obj-675206515,,76,3929,1955-06-01,68
nla.obj-675206531,,76,3930,1955-06-08,36
nla.obj-675206553,,76,3931,1955-06-15,36
nla.obj-675206577,,76,3932,1955-06-22,36
nla.obj-675206590,,76,3933,1955-06-29,36
nla.obj-675206614,,76,3934,1955-07-08,36
nla.obj-675206646,,76,3935,1955-07-13,36
nla.obj-675239283,,76,3936,1955-07-20,36
nla.obj-675239366,,76,3937,1955-07-27,36
nla.obj-675239408,,76,3938,1955-08-03,36
nla.obj-675239424,,76,3939,1955-08-10,36
nla.obj-675239557,,76,3940,1955-08-17,36
nla.obj-675239599,,76,3941,1955-08-24,36
nla.obj-675239613,,76,3942,1955-08-31,36
nla.obj-675617625,,76,3943,1955-09-07,36
nla.obj-675617649,,76,3944,1955-09-14,36
nla.obj-675617663,,76,3945,1955-09-21,36
nla.obj-675617682,,76,3946,1955-09-28,36
nla.obj-675617706,,76,3947,1955-10-05,36
nla.obj-675617722,,76,3948,1955-10-12,36
nla.obj-676176672,,76,3955,1955-11-30,36
nla.obj-675646768,,76,3956,1955-12-07,36
nla.obj-675646784,CHRISTMAS NUMBER,76,3957,1955-12-14,52
nla.obj-675646807,,76,3958,1955-12-21,36
nla.obj-675646829,,76,3959,1955-12-28,36
nla.obj-677235204,,77,3960,1956-01-04,36
nla.obj-677235220,,77,3961,1956-01-11,36
nla.obj-677235248,,77,3962,1956-01-18,36
nla.obj-677235261,,77,3963,1956-01-25,36
nla.obj-677235285,,77,3964,1956-02-01,36
nla.obj-677235301,,77,3965,1956-02-08,36
nla.obj-677235325,,77,3966,1956-02-15,36
nla.obj-677235349,,77,3967,1956-02-22,36
nla.obj-677235363,,77,3968,1956-02-29,36
nla.obj-677235382,,77,3969,1956-03-07,36
nla.obj-677235400,,77,3970,1956-03-14,36
nla.obj-677235421,,77,3971,1956-03-21,36
nla.obj-677235445,,77,3972,1956-03-28,52
nla.obj-677235468,,77,3973,1956-04-04,36
nla.obj-677235484,,77,3974,1956-04-11,36
nla.obj-677235506,,77,3975,1956-04-18,36
nla.obj-677235522,,77,3976,1956-04-25,36
nla.obj-677235540,,77,3977,1956-05-02,36
nla.obj-677235565,,77,3978,1956-05-09,36
nla.obj-677235587,,77,3979,1956-05-16,36
nla.obj-677235603,,77,3980,1956-05-23,36
nla.obj-677235627,,77,3981,1956-05-30,68
nla.obj-677235642,,77,3982,1956-06-06,36
nla.obj-677235669,,77,3983,1956-06-13,36
nla.obj-677235688,,77,3984,1956-06-20,36
nla.obj-677235702,,77,3985,1956-06-27,36
nla.obj-677336339,,77,3986,1956-07-04,36
nla.obj-677336409,,77,3987,1956-07-11,36
nla.obj-677336480,,77,3988,1956-07-18,36
nla.obj-677336524,,77,3989,1956-07-25,36
nla.obj-677336543,,77,3990,1956-08-01,36
nla.obj-677336678,,77,3991,1956-08-08,36
nla.obj-677336717,,77,3992,1956-08-15,36
nla.obj-677336730,,77,3993,1956-08-22,36
nla.obj-677336803,,77,3994,1956-08-29,36
nla.obj-677336888,,77,3995,1956-09-05,36
nla.obj-677336902,,77,3996,1956-09-12,36
nla.obj-677336944,,77,3997,1956-09-19,36
nla.obj-677336966,,77,3998,1956-09-26,36
nla.obj-677337037,,77,3999,1956-10-03,36
nla.obj-677337264,,77,4000,1956-10-10,36
nla.obj-677337397,,77,4001,1956-10-17,36
nla.obj-677337434,,77,4002,1956-10-24,36
nla.obj-677337450,,77,4003,1956-10-31,36
nla.obj-677337515,,77,4004,1956-11-07,36
nla.obj-677337609,,77,4005,1956-11-14,36
nla.obj-677337623,,77,4006,1956-11-21,36
nla.obj-677337667,,77,4007,1956-11-28,36
nla.obj-677337680,,77,4008,1956-12-05,36
nla.obj-677337811,CHRISTMAS NUMBER,77,4009,1956-12-12,52
nla.obj-677337854,,77,4010,1956-12-19,36
nla.obj-677337879,,77,4011,1956-12-26,36
nla.obj-677571749,,78,4012,1957-01-02,36
nla.obj-677571763,,78,4013,1957-01-09,36
nla.obj-677571782,,78,4014,1957-01-16,36
nla.obj-677571803,,78,4015,1957-01-23,36
nla.obj-677571827,,78,4016,1957-01-30,36
nla.obj-677571842,,78,4017,1957-02-06,36
nla.obj-677571869,,78,4018,1957-02-13,36
nla.obj-677571888,,78,4019,1957-02-20,36
nla.obj-677571902,,78,4020,1957-02-27,36
nla.obj-677571928,,78,4021,1957-03-06,36
nla.obj-677571944,,78,4022,1957-03-13,36
nla.obj-677571966,,78,4023,1957-03-20,36
nla.obj-677571989,,78,4024,1957-03-27,68
nla.obj-680601559,,78,4025,1957-04-03,68
nla.obj-680601592,,78,4026,1957-04-10,68
nla.obj-680601615,,78,4027,1957-04-17,68
nla.obj-680601631,,78,4028,1957-04-24,68
nla.obj-680601653,,78,4029,1957-05-01,60
nla.obj-680601690,,78,4030,1957-05-08,60
nla.obj-680601716,,78,4031,1957-05-15,60
nla.obj-680601734,,78,4032,1957-05-22,60
nla.obj-680601750,,78,4033,1957-05-29,92
nla.obj-680601775,,78,4034,1957-06-05,60
nla.obj-680601791,,78,4035,1957-06-12,60
nla.obj-680601814,,78,4036,1957-06-19,60
nla.obj-680601838,,78,4037,1957-06-26,60
nla.obj-681325461,,78,4038,1957-07-03,60
nla.obj-681325485,,78,4039,1957-07-10,60
nla.obj-681325500,,78,4040,1957-07-17,60
nla.obj-681325521,,78,4041,1957-07-24,60
nla.obj-681325545,,78,4042,1957-07-31,68
nla.obj-681325568,,78,4043,1957-08-07,60
nla.obj-681325584,,78,4044,1957-08-14,60
nla.obj-681325602,,78,4045,1957-08-21,60
nla.obj-681325628,,78,4046,1957-08-28,60
nla.obj-681325644,,78,4047,1957-09-04,60
nla.obj-681325666,,78,4048,1957-09-11,60
nla.obj-681325689,,78,4049,1957-09-18,60
nla.obj-681325769,,78,4050,1957-09-25,60
nla.obj-681325788,,78,4051,1957-10-02,60
nla.obj-681325809,,78,4052,1957-10-09,60
nla.obj-681770011,,78,4053,1957-10-16,60
nla.obj-681770136,,78,4054,1957-10-23,60
nla.obj-681770284,,78,4055,1957-10-30,60
nla.obj-681770383,,78,4056,1957-11-06,60
nla.obj-681770508,,78,4057,1957-11-13,60
nla.obj-681770632,,78,4058,1957-11-20,60
nla.obj-681770678,,78,4059,1957-11-27,60
nla.obj-681770803,,78,4060,1957-12-04,68
nla.obj-681770842,,78,4061,1957-12-11,76
nla.obj-681770977,,78,4062,1957-12-18,60
nla.obj-681771017,,78,4063,1957-12-25,60
nla.obj-679400910,,79,4064,1958-01-01,60
nla.obj-679401015,,79,4065,1958-01-08,60
nla.obj-679401122,,79,4066,1958-01-15,60
nla.obj-679401225,,79,4067,1958-01-22,60
nla.obj-679401282,,79,4068,1958-01-29,60
nla.obj-679401395,,79,4069,1958-02-05,60
nla.obj-679401418,,79,4070,1958-02-12,60
nla.obj-679401564,,79,4071,1958-02-19,60
nla.obj-679401635,,79,4072,1958-02-26,60
nla.obj-679401736,,79,4073,1958-03-05,60
nla.obj-679401800,,79,4074,1958-03-12,60
nla.obj-679401903,,79,4075,1958-03-19,60
nla.obj-679401927,,79,4076,1958-03-26,68
nla.obj-679402075,,79,4077,1958-04-02,60
nla.obj-679402167,,79,4078,1958-04-09,60
nla.obj-679402247,,79,4079,1958-04-16,60
nla.obj-679402377,,79,4080,1958-04-23,60
nla.obj-679402419,,79,4081,1958-04-30,60
nla.obj-679402548,,79,4082,1958-05-07,60
nla.obj-679402585,,79,4083,1958-05-14,60
nla.obj-679402710,,79,4084,1958-05-21,60
nla.obj-679402817,,79,4085,1958-05-28,92
nla.obj-679402965,,79,4086,1958-06-04,60
nla.obj-679402987,,79,4087,1958-06-11,60
nla.obj-679403134,,79,4088,1958-06-18,60
nla.obj-672856964,,79,4117,1959-01-07,60
nla.obj-672857099,,80,4118,1959-01-14,60
nla.obj-672857116,,80,4119,1959-01-21,60
nla.obj-672857150,,80,4120,1959-01-28,60
nla.obj-672857280,,80,4121,1959-02-04,60
nla.obj-672857329,,80,4122,1959-02-11,60
nla.obj-672857341,,80,4123,1959-02-18,60
nla.obj-672857479,,80,4124,1959-02-25,60
nla.obj-672857517,,80,4125,1959-03-04,60
nla.obj-672857530,,80,4126,1959-03-11,60
nla.obj-672857660,,80,4127,1959-03-18,68
nla.obj-672857708,,80,4128,1959-03-25,60
nla.obj-672857743,,80,4129,1959-04-01,60
nla.obj-672857853,,80,4130,1959-04-08,60
nla.obj-672857890,,80,4131,1959-04-15,60
nla.obj-672857968,,80,4132,1959-04-22,60
nla.obj-672858046,,80,4133,1959-04-29,60
nla.obj-672858080,,80,4134,1959-05-06,60
nla.obj-672858153,,80,4135,1959-05-13,60
nla.obj-672858233,,80,4136,1959-05-20,60
nla.obj-672858279,,80,4137,1959-05-27,84
nla.obj-672858594,,80,4138,1959-06-03,60
nla.obj-672858636,,80,4139,1959-06-10,60
nla.obj-672858768,,80,4140,1959-06-17,60
nla.obj-672858807,,80,4141,1959-06-24,60
nla.obj-681524251,,80,4142,1959-07-01,60
nla.obj-681524272,,80,4143,1959-07-08,60
nla.obj-681524310,,80,4144,1959-07-15,60
nla.obj-681524440,,80,4145,1959-07-22,60
nla.obj-681524487,,80,4146,1959-07-29,60
nla.obj-681524618,,80,4147,1959-08-05,60
nla.obj-681524652,,80,4148,1959-08-12,60
nla.obj-681524724,,80,4149,1959-08-19,60
nla.obj-681524802,,80,4150,1959-08-26,68
nla.obj-681524844,,80,4151,1959-09-02,68
nla.obj-681524976,,80,4152,1959-09-09,60
nla.obj-681525015,,80,4153,1959-09-16,76
nla.obj-681525140,,80,4154,1959-09-23,60
nla.obj-681525187,,80,4155,1959-09-30,60
nla.obj-679596442,,80,4156,1959-10-07,60
nla.obj-679596590,,80,4157,1959-10-14,76
nla.obj-679596726,,80,4158,1959-10-21,60
nla.obj-679596811,,80,4159,1959-10-28,60
nla.obj-679596912,,80,4160,1959-11-04,60
nla.obj-679597043,,80,4161,1959-11-11,60
nla.obj-679597137,,80,4162,1959-11-18,60
nla.obj-679597231,,80,4163,1959-11-25,60
nla.obj-679597385,,80,4164,1959-12-02,60
nla.obj-679597516,CHRISTMAS NUMBER,80,4165,1959-12-09,68
nla.obj-679597665,,80,4166,1959-12-16,60
nla.obj-679597709,,80,4167,1959-12-23,60
nla.obj-679597852,,80,4168,1959-12-30,60
nla.obj-684071320,,81,4169,1960-01-06,60
nla.obj-684071478,,81,4170,1960-01-13,60
nla.obj-684071622,,81,4171,1960-01-20,60
nla.obj-684071772,,81,4172,1960-01-27,60
nla.obj-684071949,,81,4173,1960-02-03,60
nla.obj-684072098,,81,4174,1960-02-10,60
nla.obj-684072245,,81,4175,1960-02-17,60
nla.obj-684072394,,81,4176,1960-02-24,60
nla.obj-684072438,,81,4177,1960-03-02,60
nla.obj-684072581,,81,4178,1960-03-09,60
nla.obj-684072730,,81,4179,1960-03-16,60
nla.obj-684073064,,81,4180,1960-03-23,76
nla.obj-684073216,,81,4181,1960-03-30,60
nla.obj-684073313,,81,4182,1960-04-06,68
nla.obj-684073466,,81,4183,1960-04-13,60
nla.obj-684073617,,81,4184,1960-04-20,60
nla.obj-684073740,,81,4185,1960-04-27,60
nla.obj-684073899,,81,4186,1960-05-04,60
nla.obj-684073983,,81,4187,1960-05-11,60
nla.obj-684074084,,81,4188,1960-05-18,60
nla.obj-684074343,,81,4189,1960-05-25,60
nla.obj-684074381,,81,4190,1960-06-01,84
nla.obj-684074515,,81,4191,1960-06-08,60
nla.obj-684074667,,81,4192,1960-06-15,60
nla.obj-684074752,,81,4193,1960-06-22,60
nla.obj-684074854,,81,4194,1960-06-29,60
nla.obj-684299265,,82,4221,1961-01-04,52
nla.obj-684299350,,82,4222,1961-01-11,52
nla.obj-684299458,,82,4223,1961-01-18,60
nla.obj-684299604,,82,4224,1961-01-25,60
nla.obj-684299737,,82,4225,1961-02-01,60
nla.obj-684299943,,82,4226,1961-02-08,60
nla.obj-684300030,,82,4227,1961-02-15,60
nla.obj-684300139,,82,4228,1961-02-22,60
nla.obj-684300281,,82,4229,1961-03-01,60
nla.obj-684300412,,82,4230,1961-03-08,60
nla.obj-684300631,,82,4231,1961-03-15,68
nla.obj-684486214,,82,4234,1961-04-05,60
nla.obj-684486246,,82,4235,1961-04-12,60
nla.obj-684486267,,82,4236,1961-04-19,60
nla.obj-684486280,,82,4237,1961-04-26,68
nla.obj-684486307,,82,4238,1961-05-03,60
nla.obj-684486329,,82,4239,1961-05-10,60
nla.obj-684486341,,82,4240,1961-05-17,60
nla.obj-684486364,,82,4241,1961-05-24,68
nla.obj-684486386,,82,4242,1961-05-31,60
nla.obj-684486406,,82,4243,1961-06-10,60
nla.obj-684486422,,82,4244,1961-06-17,60
nla.obj-684486440,,82,4245,1961-06-24,60
nla.obj-684514169,,82,4246,1961-07-01,52
nla.obj-684514267,,82,4247,1961-07-08,52
nla.obj-684514411,,82,4248,1961-07-15,52
nla.obj-684514549,,82,4249,1961-07-22,52
nla.obj-684514639,,82,4250,1961-07-29,52
nla.obj-684514735,,82,4251,1961-08-05,52
nla.obj-684514889,,82,4252,1961-08-12,52
nla.obj-684515031,,82,4253,1961-08-19,52
nla.obj-684515122,,82,4254,1961-08-26,52
nla.obj-684515201,,82,4255,1961-09-02,52
nla.obj-684515418,,82,4256,1961-09-09,52
nla.obj-684515541,,82,4257,1961-09-16,52
nla.obj-684515586,,82,4258,1961-09-23,52
nla.obj-679975451,,82,4260,1961-10-07,52
nla.obj-679975472,,82,4261,1961-10-14,52
nla.obj-679975495,,82,4262,1961-10-21,52
nla.obj-679975519,,82,4263,1961-10-28,52
nla.obj-679975535,,82,4264,1961-11-04,52
nla.obj-679975556,,82,4265,1961-11-11,52
nla.obj-680267012,,83,4266,1961-11-18,52
nla.obj-679975570,,82,4267,1961-11-25,52
nla.obj-680266910,,82,4268,1961-12-02,52
nla.obj-680266932,,82,4269,1961-12-09,52
nla.obj-680266955,,82,4270,1961-12-16,52
nla.obj-680266978,,82,4271,1961-12-23,52
nla.obj-680266993,,82,4272,1961-12-30,44
nla.obj-684723809,,83,4273,1962-01-06,44
nla.obj-684723955,,83,4274,1962-01-13,44
nla.obj-684724086,,83,4275,1962-01-20,52
nla.obj-684724143,,83,4276,1962-01-27,52
nla.obj-684724321,,83,4277,1962-02-03,52
nla.obj-684724466,,83,4278,1962-02-10,52
nla.obj-684724572,,83,4279,1962-02-17,52
nla.obj-684724663,,83,4280,1962-02-24,52
nla.obj-684724873,,83,4281,1962-03-03,44
nla.obj-684725027,,83,4282,1962-03-10,44
nla.obj-684725069,,83,4283,1962-03-17,44
nla.obj-684725302,,83,4284,1962-03-24,44
nla.obj-679937920,,83,4285,1962-03-31,64
nla.obj-673078670,,83,4286,1962-04-07,68
nla.obj-673078757,,83,4287,1962-04-14,64
nla.obj-673079043,,83,4288,1962-04-21,64
nla.obj-673079493,,83,4289,1962-04-28,72
nla.obj-673079709,,83,4290,1962-05-05,64
nla.obj-673079746,,83,4291,1962-05-12,64
nla.obj-673080048,,83,4292,1962-05-19,64
nla.obj-673080175,,84,4293,1962-05-26,64
nla.obj-673080378,,84,4294,1962-06-02,64
nla.obj-673080671,,84,4295,1962-06-09,64
nla.obj-673080968,,84,4296,1962-06-16,64
nla.obj-673081094,,84,4297,1962-06-23,64
nla.obj-673081261,,84,4298,1962-06-30,72
nla.obj-680306924,,84,4299,1962-07-07,64
nla.obj-680306943,,84,4300,1962-07-14,64
nla.obj-680306962,,84,4301,1962-07-21,64
nla.obj-680306981,,84,4302,1962-07-28,64
nla.obj-680307006,,84,4303,1962-08-04,64
nla.obj-680307022,,84,4304,1962-08-11,64
nla.obj-680307040,,84,4305,1962-08-18,64
nla.obj-680307065,,84,4306,1962-08-25,64
nla.obj-680307087,,84,4307,1962-09-01,64
nla.obj-680307104,,84,4309,1962-09-15,64
nla.obj-680307120,,84,4310,1962-09-22,64
nla.obj-680307148,,84,4311,1962-09-29,64
nla.obj-673244288,,84,4312,1962-10-06,64
nla.obj-673244431,,84,4313,1962-10-13,60
nla.obj-673244567,,84,4314,1962-10-20,60
nla.obj-673244601,,84,4315,1962-10-27,60
nla.obj-673245027,,84,4316,1962-11-03,60
nla.obj-673245390,,85,4317,1962-11-10,68
nla.obj-673246065,,85,4318,1962-11-17,64
nla.obj-673245659,,85,4318,1962-11-24,60
nla.obj-673246221,,85,4319,1962-12-01,60
nla.obj-673246360,,85,4320,1962-12-08,60
nla.obj-673246749,,85,4321,1962-12-15,64
nla.obj-673247000,,85,4322,1962-12-22,52
nla.obj-673247117,,85,4323,1962-12-29,48
nla.obj-684860230,,85,4324,1963-01-05,52
nla.obj-684860258,,85,4326,1963-01-12,52
nla.obj-684860274,,85,4327,1963-01-19,56
nla.obj-684860309,,85,4328,1963-01-26,60
nla.obj-684860323,,85,4329,1963-02-02,56
nla.obj-684860351,,85,4330,1963-02-09,70
nla.obj-684860372,,85,4331,1963-02-16,64
nla.obj-684860395,,85,4332,1963-02-23,60
nla.obj-684860418,,85,4333,1963-03-02,60
nla.obj-684860439,,85,4334,1963-03-09,60
nla.obj-684860452,,85,4335,1963-03-16,60
nla.obj-684860471,,85,4336,1963-03-23,60
nla.obj-684860555,,85,4337,1963-03-30,60
nla.obj-684932898,,85,4338,1963-04-06,64
nla.obj-684933042,,85,4339,1963-04-13,60
nla.obj-684933195,,85,4340,1963-04-20,64
nla.obj-684933328,,85,4341,1963-04-27,60
nla.obj-684933470,,85,4342,1963-05-04,64
nla.obj-684933573,,85,4343,1963-05-11,60
nla.obj-684933987,,85,4344,1963-05-18,60
nla.obj-684934154,,85,4345,1963-05-25,60
nla.obj-684934282,,85,4346,1963-06-01,64
nla.obj-684934439,,85,4347,1963-06-08,60
nla.obj-684934471,,85,4348,1963-06-15,68
nla.obj-684934624,,85,4349,1963-06-22,64
nla.obj-684934773,,85,4350,1963-06-29,64
nla.obj-685424426,,85,4351,1963-07-06,64
nla.obj-685424578,,85,4352,1963-07-13,64
nla.obj-685424720,,85,4353,1963-07-20,64
nla.obj-685424876,,85,4353,1963-07-27,64
nla.obj-685424969,,85,4354,1963-08-03,64
nla.obj-685425067,,85,4355,1963-08-10,64
nla.obj-685425211,,85,4356,1963-08-17,64
nla.obj-685425342,,85,4357,1963-08-24,68
nla.obj-685425425,,85,4358,1963-08-31,64
nla.obj-685425539,,85,4360,1963-09-07,64
nla.obj-685425685,,85,4361,1963-09-14,64
nla.obj-685425810,,85,4362,1963-09-21,68
nla.obj-685425962,,85,4363,1963-09-28,68
nla.obj-681769361,,85,4364,1963-10-05,80
nla.obj-681769407,,85,4365,1963-10-12,72
nla.obj-681769534,,85,4366,1963-10-19,68
nla.obj-681769550,,85,4367,1963-10-26,68
nla.obj-681769591,,85,4368,1963-11-02,84
nla.obj-681769723,,85,4369,1963-11-09,84
nla.obj-681769767,,85,4370,1963-11-16,84
nla.obj-681769839,,85,4371,1963-11-23,84
nla.obj-681769930,,85,4372,1963-11-30,84
nla.obj-681770022,,85,4373,1963-12-07,84
nla.obj-681770157,,85,4374,1963-12-14,84
nla.obj-681770360,,85,4375,1963-12-21,64
nla.obj-681770480,,85,4376,1963-12-28,52
nla.obj-673871723,,86,4377,1964-01-11,56
nla.obj-673871746,,86,4378,1964-01-18,60
nla.obj-673871767,,86,4379,1964-01-25,60
nla.obj-673871780,,86,4380,1964-02-01,64
nla.obj-673871805,,86,4381,1964-02-08,64
nla.obj-673871826,,86,4382,1964-02-15,68
nla.obj-673871852,,86,4383,1964-02-22,64
nla.obj-673871871,,86,4384,1964-02-29,64
nla.obj-673871894,,86,4385,1964-03-07,68
nla.obj-673871917,,86,4386,1964-03-14,76
nla.obj-673871930,,86,4387,1964-03-21,80
nla.obj-673871958,,86,4388,1964-03-28,76
nla.obj-682134960,,86,4389,1964-04-04,68
nla.obj-682134983,,86,4390,1964-04-11,72
nla.obj-682135003,,86,4391,1964-04-18,76
nla.obj-682135027,,86,4392,1964-04-25,76
nla.obj-682135042,,86,4393,1964-05-02,76
nla.obj-682135069,,86,4394,1964-05-09,76
nla.obj-682135088,,86,4395,1964-05-16,80
nla.obj-682135109,,86,4396,1964-05-23,76
nla.obj-682135123,,86,4397,1964-05-30,84
nla.obj-682135146,,86,4398,1964-06-06,76
nla.obj-682135167,,86,4399,1964-06-13,80
nla.obj-682135218,,86,4400,1964-06-20,84
nla.obj-682135239,,86,4401,1964-06-27,84
nla.obj-685179289,,86,4402,1964-07-04,76
nla.obj-685179373,,86,4403,1964-07-11,76
nla.obj-685179478,,86,4404,1964-07-18,76
nla.obj-685179622,,86,4405,1964-07-25,84
nla.obj-685179772,,86,4406,1964-08-01,80
nla.obj-685180188,,86,4407,1964-08-08,80
nla.obj-685180332,,86,4408,1964-08-15,84
nla.obj-685180487,,86,4409,1964-08-22,84
nla.obj-685180618,,86,4410,1964-08-29,84
nla.obj-685180762,,86,4411,1964-09-05,84
nla.obj-685180913,,86,4412,1964-09-12,84
nla.obj-685181060,,86,4413,1964-09-19,88
nla.obj-685181212,,86,4414,1964-09-26,88
nla.obj-685328061,,86,4415,1964-10-03,84
nla.obj-685328214,,86,4416,1964-10-10,88
nla.obj-685328364,,86,4417,1964-10-17,92
nla.obj-685328517,,86,4418,1964-10-24,84
nla.obj-685328660,,86,4419,1964-10-31,84
nla.obj-685328877,,86,4420,1964-11-07,88
nla.obj-685329000,,86,4421,1964-11-14,84
nla.obj-685329210,,86,4422,1964-11-21,84
nla.obj-685329362,,86,4423,1964-11-28,84
nla.obj-685329726,,86,4424,1964-12-05,88
nla.obj-685329879,,86,4425,1964-12-12,84
nla.obj-685330005,,86,4426,1964-12-19,84
nla.obj-685330155,,86,4427,1964-12-26,52
nla.obj-682517805,,87,4428,1965-01-09,52
nla.obj-682518291,,87,4429,1965-01-16,60
nla.obj-682518740,,87,4430,1965-01-23,60
nla.obj-682519141,,87,4431,1965-01-30,60
nla.obj-682519522,,87,4432,1965-02-06,68
nla.obj-682519967,,87,4433,1965-02-13,76
nla.obj-682520395,,87,4434,1965-02-20,76
nla.obj-682520773,,87,4435,1965-02-27,76
nla.obj-682521142,,87,4436,1965-03-06,80
nla.obj-682521530,,87,4437,1965-03-13,84
nla.obj-682521853,,87,4438,1965-03-20,84
nla.obj-682522358,,87,4439,1965-03-27,84
nla.obj-682522808,,87,4440,1965-04-03,80
nla.obj-682523322,,87,4441,1965-04-10,84
nla.obj-682523690,,87,4442,1965-04-17,84
nla.obj-682855571,,87,4444,1965-05-01,84
nla.obj-682855594,,87,4445,1965-05-08,92
nla.obj-682855612,,87,4446,1965-05-15,88
nla.obj-682855636,,87,4447,1965-05-22,88
nla.obj-682855657,,87,4448,1965-05-29,88
nla.obj-682855673,,87,4449,1965-06-05,88
nla.obj-682855699,,87,4450,1965-06-12,84
nla.obj-682855713,,87,4451,1965-06-19,88
nla.obj-682855737,,87,4452,1965-06-26,84
nla.obj-682855759,,87,4453,1965-07-03,80
nla.obj-682874019,,87,4454,1965-07-10,84
nla.obj-682874121,,87,4455,1965-07-17,84
nla.obj-682874277,,87,4456,1965-07-24,76
nla.obj-682874429,,87,4457,1965-07-31,80
nla.obj-682874575,,87,4458,1965-08-07,84
nla.obj-682874709,,87,4459,1965-08-14,84
nla.obj-682874852,,87,4460,1965-08-21,84
nla.obj-682874949,,87,4461,1965-08-28,80
nla.obj-674029485,,88,4497,1966-05-14,84
nla.obj-674029631,,88,4498,1966-05-21,72
nla.obj-674029769,,88,4499,1966-05-28,84
nla.obj-674029910,,88,4500,1966-06-04,84
nla.obj-674030009,,88,4501,1966-06-11,84
nla.obj-674030102,,88,4502,1966-06-18,88
nla.obj-674030254,,88,4503,1966-06-25,72
nla.obj-683054385,,88,4504,1966-07-02,68
nla.obj-683054407,,88,4505,1966-07-09,68
nla.obj-683054441,,88,4506,1966-07-16,72
nla.obj-683054464,,88,4507,1966-07-23,72
nla.obj-683054493,,88,4508,1966-07-30,72
nla.obj-683054516,,88,4509,1966-08-06,72
nla.obj-683054534,,88,4510,1966-08-13,72
nla.obj-683054550,,88,4511,1966-08-20,92
nla.obj-683054575,,88,4512,1966-08-27,72
nla.obj-673962673,,88,4522,1966-11-05,88
nla.obj-673962829,,88,4523,1966-11-12,88
nla.obj-673962919,,88,4524,1966-11-19,92
nla.obj-673963018,,88,4525,1966-11-26,90
nla.obj-674384379,,88,4526,1966-12-03,88
nla.obj-674402713,,88,4527,1966-12-10,86
nla.obj-674430966,,88,4528,1966-12-17,76
nla.obj-674460207,,88,4529,1966-12-24,48
nla.obj-674500089,,88,4530,1966-12-31,48
nla.obj-683142543,,89,4531,1967-01-07,48
nla.obj-683142562,,89,4532,1967-01-14,48
nla.obj-683142581,,89,4533,1967-01-21,48
nla.obj-683142607,,89,4534,1967-01-28,56
nla.obj-683142629,,89,4535,1967-02-04,56
nla.obj-683142655,,89,4536,1967-02-11,56
nla.obj-683142678,,89,4537,1967-02-18,68
nla.obj-683142693,,89,4538,1967-02-25,64
nla.obj-683142717,,89,4539,1967-03-04,64
nla.obj-683142730,,89,4540,1967-03-11,64
nla.obj-683983157,,89,4541,1967-03-18,80
nla.obj-683983173,,89,4542,1967-03-25,72
nla.obj-683983199,,89,4543,1967-04-01,64
nla.obj-683983213,,89,4544,1967-04-08,64
nla.obj-683983237,,89,4545,1967-04-15,76
nla.obj-683983259,,89,4546,1967-04-22,72
nla.obj-683983276,,89,4547,1967-04-29,72
nla.obj-684049528,,89,4548,1967-05-06,72
nla.obj-684049544,,89,4549,1967-05-13,72
nla.obj-684049566,,89,4550,1967-05-20,80
nla.obj-684049589,,89,4551,1967-05-27,72
nla.obj-684049609,,89,4552,1967-06-03,80
nla.obj-684049623,,89,4553,1967-06-10,88
nla.obj-684049646,,89,4554,1967-06-17,88
nla.obj-684049667,,89,4555,1967-06-24,88
nla.obj-684049680,,89,4556,1967-07-01,72
nla.obj-684049705,,89,4557,1967-07-08,72
nla.obj-684049726,,89,4558,1967-07-15,80
nla.obj-684049747,,89,4559,1967-07-22,80
nla.obj-684049760,,89,4560,1967-07-29,72
nla.obj-674138944,,89,4583,1968-01-06,48
nla.obj-674138989,,89,4584,1968-01-13,56
nla.obj-674139114,,89,4585,1968-01-20,56
nla.obj-674139138,,89,4586,1968-01-27,56
nla.obj-674139218,,89,4587,1968-02-03,64
nla.obj-674139328,,89,4588,1968-02-10,72
nla.obj-674139456,,89,4589,1968-02-17,72
nla.obj-674139548,,89,4590,1968-02-24,72
nla.obj-674139645,,89,4591,1968-03-02,72
nla.obj-674139793,,89,4592,1968-03-09,104
nla.obj-674139940,,89,4593,1968-03-16,80
nla.obj-674140076,,89,4594,1968-03-23,80
nla.obj-674610581,,90,4596,1968-04-06,80
nla.obj-674610607,,90,4597,1968-04-13,72
nla.obj-674610629,,90,4598,1968-04-20,80
nla.obj-674610641,,90,4599,1968-04-27,80
nla.obj-674610664,,90,4600,1968-05-04,80
nla.obj-674610686,,90,4601,1968-05-11,64
nla.obj-674610902,,90,4602,1968-05-18,80
nla.obj-674610888,,90,4601,1968-05-25,88
nla.obj-674610928,,90,4604,1968-06-01,64
nla.obj-674610944,,90,4605,1968-06-08,80
nla.obj-674611025,,90,4606,1968-06-15,72
nla.obj-674611049,,90,4607,1968-06-22,80
nla.obj-674611063,,90,4608,1968-06-29,72
nla.obj-674611096,,90,4609,1968-07-06,64
nla.obj-674611118,,90,4610,1968-07-13,72
nla.obj-674611139,,90,4611,1968-07-20,80
nla.obj-674807481,,90,4612,1968-07-27,80
nla.obj-674243611,,90,4613,1968-08-03,80
nla.obj-674243767,,90,4614,1968-08-10,80
nla.obj-674243917,,90,4615,1968-08-17,88
nla.obj-674244060,,90,4616,1968-08-24,80
nla.obj-674244476,,90,4617,1968-08-31,72
nla.obj-674244627,,90,4618,1968-09-07,72
nla.obj-674244753,,90,4619,1968-09-14,88
nla.obj-674244909,,90,4620,1968-09-21,80
nla.obj-674245055,,90,4621,1968-09-28,80
nla.obj-674771369,,90,4622,1968-10-05,88
nla.obj-674245291,,90,4623,1968-10-12,96
nla.obj-674245392,,90,4624,1968-10-19,96
nla.obj-674245546,,90,4625,1968-10-26,96
nla.obj-674386346,,90,4626,1968-11-02,88
nla.obj-674386510,,90,4627,1968-11-09,88
nla.obj-674386681,,90,4628,1968-11-16,96
nla.obj-674386892,,90,4629,1968-11-23,96
nla.obj-674387042,,90,4630,1968-11-30,88
nla.obj-674387195,,90,4631,1968-12-07,96
nla.obj-674387366,,90,4632,1968-12-14,88
nla.obj-674387497,,90,4633,1968-12-21,64
